,Date,City,State,Country,Shape,Duration,Summary,Posted,Images
0,7/31/22 22:52,Cuenca,,Ecuador,Light,5 minutes,Triangle shape moving lights,10/8/22,Yes
1,7/31/22 21:59,West Lafayette,OH,USA,Light,4 minutes,Bright circle light moving through sky.,9/9/22,Yes
2,7/31/22 21:45,Burr Ridge,IL,USA,Other,,"Strange red, blue and black craft in the sky and green light below it just above the tree line",9/9/22,Yes
3,7/31/22 21:25,"Lingan, Cape Breton Island",NS,Canada,Cylinder,1-2 minutes,We were waiting for fireworks to start across the harbour when we noticed it...,9/9/22,
4,7/31/22 21:15,Conway,SC,USA,Circle,Less than a minute,Round bright white light go in a straight line like I’m in Conway Hills heading like going Columbia South Carolina Way,9/9/22,
5,7/31/22 21:11,Keyser,WV,USA,Light,2 minutes,Saw an orb that interacted with me.,9/9/22,
6,7/31/22 20:43,gressham,OR,USA,Unknown,less than a minute,A single soft red light that pulsed three times then disappeared,9/9/22,
7,7/31/22 20:30,Eddyville,KY,USA,Changing,1minute or more,"3 craft were flying. 2 disappeared 1 hovered, made 90 degree turn, then became an oval balloon looking craft, then disappeared",9/9/22,Yes
8,7/31/22 20:20,Carpinteria,CA,USA,Diamond,60 seconds,I saw this disk above my head I just can't think of what it could be,9/9/22,
9,7/31/22 17:00,Tacoma,WA,USA,Light,25 min,Multiple bright lights,9/9/22,Yes
10,7/31/22 10:26,Syosset,,,Circle,1 hr,White round,9/9/22,Yes
11,7/31/22 09:57,Charlotte,NC,USA,Circle,1 minute,Bright white light that moved fairly quickly then turned red and dim until no longer visible NOT ISS,9/9/22,
12,7/31/22 06:30,Burnet,TX,USA,Circle,5 minutes,Took 3 photos . It changed shape progressively,9/9/22,Yes
13,7/31/22 02:30,Seattle,WA,USA,Formation,1 minute,Viewed 3 lights in a line and another single light fly in formation over Puget sound from South to north,9/9/22,
14,7/31/22 02:00,Naples,FL,USA,Rectangle,At least 30 min,Bright white light looks square,9/9/22,Yes
15,7/31/22 01:00,Near Chicago Area,null,,Light,15 to 30 seconds,"Bright light, almost like a very bright star, slowly hovering laterally, then making a turn back above the clouds",9/9/22,
16,7/31/22 01:00,Tacoma,WA,USA,Light,3 yrs,"Lights in forest and coming into my room, during day it looks a silhouette of transparent heat waves,",9/9/22,
17,7/30/22 23:45,Flemington,NJ,USA,Diamond,over 1 hour,Hovering object in the southeast sky about 30 degrees above the horizon,10/8/22,Yes
18,7/30/22 23:05,Fremont,CA,USA,Disk,3 seconds,Fastest UFO flying very close,9/9/22,
19,7/30/22 23:01,Bella Vista,AR,USA,Cigar,2:00 Minutes,A disk that had lights on it hovered over the lake and disappeared in a blink of an eye.,9/9/22,
20,7/30/22 22:35,Dorchester,MA,USA,Rectangle,2 hours,Looked up & saw a large pulsing ball of light. Took video & enlarged it 2x’s & noticed it’s actually a rectangle of light,9/9/22,Yes
21,7/30/22 21:25,Dalton Gardens,ID,USA,Light,1 minute,Satellite type of light moving horizontally west to east disappearing,9/9/22,
22,7/30/22 21:12,Philadelphia,PA,USA,Sphere,5 minutes,Flying orb or sphere that changes colors and physical form.,9/9/22,
23,7/30/22 21:00,Harrisburg,PA,USA,Unknown,N/a,It's orbs all on me,12/22/22,
24,7/30/22 20:45,Wexford,PA,USA,Cigar,1/2 hour,"I think it was the chinese ship, it was tumbling and clearly visible with my scope. I have video and stills.",9/9/22,Yes
25,7/30/22 19:52,Mossy Point,New South Wales,Australia,Cross,5 minutes,"A white light, which looked like a planet, moved erratically, to eliminate it being a plane or satellite. Refer video.",9/9/22,
26,7/30/22 19:28,Newark,NJ,USA,Sphere,10 minutes,25-30 white orbs coming from behind a cloud over Newark and slowly vanishing,9/9/22,Yes
27,7/30/22 17:00,Hicksville,NY,USA,Other,At least 1hr,Black orb,9/9/22,Yes
28,7/30/22 15:35,Chenoa,,USA,Oval,about 15 sec,Oval moving slightly north east to slightly south west.,9/9/22,
29,7/30/22 09:20,River Forest,IL,USA,Sphere,About 10 minutes,Saw two silver spherical shapes in the sky which moved slowly eastward. They could by balloons but I thought I would file a report anyw,9/9/22,
30,7/30/22 02:40,Sydney,New South Wales,Australia,Circle,Aprox.11 seconds,Floating translucent orb,9/9/22,
31,7/30/22 02:20,Eudora,KS,USA,Light,5 seconds,I saw a star move then take off,9/9/22,
32,7/30/22 01:47,North Dartmouth,MA,USA,Circle,10 seconds,Woke up to see a very bright light emitting showers of sparks moving South to North,12/22/22,
33,7/30/22 01:30,Treknow,Cornwall,United Kingdom,Sphere,5-10 minutes,"Bright Orb, moving very slowly, changed course left in a smooth like fashion, doubled back on itself quickly, light remained but dimmed",9/9/22,
34,7/30/22 01:30,Randolph,VT,USA,Light,Roughly a half hour,My husband and I saw a distinct large light hovering in the sky rotating for roughly a half hour.,9/9/22,
35,7/30/22 00:37,Gothenburg,Västra Götaland County,Sweden,,1 minute,My firend recorded this sighting while he was working. He send what he recorded via snapchat. He was looking for an answer.,9/9/22,
36,7/30/22 00:30,Maupin,OR,USA,Oval,30 minutes,Unknown Object hovering beyond canyon,9/9/22,
37,7/30/22 00:20,Grand Junction,CO,USA,Disk,30 minutes,Some multiple crafts from back porch,9/9/22,
38,7/30/22 00:00,Penn Run,PA,USA,Light,Approximately 10 minutes,The craft REACTED to me in a way that made it apparent it was observing me as it mimicked my motions and those of my lighter.,9/9/22,
39,7/29/22 23:00,Florence,KY,USA,Light,Over an hour,"Balls of light mistaken for distant stars but they would come closer and farther drift together and apart. Crescent light, 10 ufo minim",9/9/22,
40,7/29/22 23:00,Ipswich,Suffolk,United Kingdom,Light,4 min,2 lights round crossing each other turning fast,9/9/22,
41,7/29/22 22:45,Mendota,CA,USA,Light,3 MINUTES,"3 large, linear, bright white lights approx 600' - 1000' feet in width.",9/9/22,
42,7/29/22 22:45,Mendota,CA,USA,Triangle,2 mins,3 linear lights approx. 600' across 100'-300' off the ground,9/9/22,
43,7/29/22 22:20,Chicago,,USA,Light,10 sec,I saw a very bright light moving faster than a satellite and about 4 times the luminosity going east. It appeared mid sky and went dark,9/9/22,
44,7/29/22 22:00,Apple Valley,CA,USA,Light,about 4 minutes,Bursts of light in night sky which enfolded into themselves.,9/9/22,
45,7/29/22 21:45,Auburn,NY,USA,Circle,4 minutes,"There's a lot of activity in the skies lately. We didn't hear anything, but as you can see, it looked like a bright object that moved f",9/9/22,
46,7/29/22 21:11,Acushnet,MA,USA,Light,3 minutes,"8-10 circular lights ,below heavy cloud cover,moving in a circle meeting another that stayed in the middle !",9/9/22,
47,7/29/22 21:04,Middleboro,MA,USA,Circle,15 minutes,Several lights in a ping pong pattern in the sky. Eventually all came together in the middle and then disappeared,9/9/22,
48,7/29/22 19:35,Bath,NC,USA,Other,Ten minutes,"Black vertical pole, grey conical pole and a “y” shape coming down out of a dense cloud covering, over the river in front of our house",9/9/22,Yes
49,7/29/22 17:38,lakewood,CO,USA,Egg,1,"Tornado warning east denver just heard on the radio. Storm 27,000 ft. atop a billowing cloud a dark object hugging.",9/9/22,
50,7/29/22 13:00,London,ON,Canada,,Under a minute,"Seen 3 pure white Boomerang shaped crafts ""flying"" extremely high in the afternoon , blue sky.",9/9/22,
51,7/29/22 11:42,Warner Springs,CA,USA,Fireball,1 sec,I was outside recording a bobcat,9/9/22,
52,7/29/22 08:00,Virginia Beach,VA,USA,Circle,3-4 Weeks,Object appears overnight with no identifying characteristics of known origins.,10/8/22,Yes
53,7/29/22 05:00,"GRASS LAKE,",MI,USA,Disk,About 45 Minutes,Hovered close to the same spot for almost 45 minutes until the sun came up. Kept looking out my window to see if it was an airplane!,9/9/22,
54,7/29/22 04:50,Mobile,AL,USA,Light,45 min,Shape shifting white star like orb appears and splits into 2 orbs.,9/9/22,Yes
55,7/29/22 04:30,JACKSONVILLE,FL,USA,Changing,45” that I watched,I was taking an early morning walk when I noticed it,9/9/22,
56,7/29/22 03:51,Wheatland,WY,USA,Circle,2 minutes,Took exit to stretch legs looked up and saw movement got cell phone and took video.,9/9/22,
57,7/29/22 03:26,Livonia,MI,USA,Circle,10 to 15 seconds,Saw a large bright light heading up and to the south.,9/9/22,
58,7/29/22 02:00,Buffalo,KY,USA,Changing,"7/29, 7/26, 7/15 2am-5am",I have phone video.,9/9/22,
59,7/29/22 01:55,Woonsocket,RI,USA,Disk,Unaware of duration,Around 1:50 am about 20 minutes after falling asleep I remember waking up but suffering paralysis and experiencing contact with ship,9/9/22,Yes
60,7/29/22 00:03,Dewey Beach,DE,USA,Sphere,30 seconds,"Two light green orbs moving close to eachother , high up, once far away they disappeared and a super bright light filled our eyes quick",9/9/22,
61,7/28/22 22:30,Traverse city,MI,USA,Light,10 to 15 seconds,Blue and white fire ball appearing to come out of a moving star,9/9/22,
62,7/28/22 22:30,Chicago,IL,USA,Light,About 3-5 minutes,Witnessed a bright light in the sky before it seemed to go straight up and disappeared,9/9/22,
63,7/28/22 22:00,Kansas City,RI,USA,Light,2 minutes or less,"The top of a triangle of stars appeared to be moving, while staring at it the lower right star took off upwards and right.",9/9/22,
64,7/28/22 21:00,Madison,WI,USA,Unknown,9:00 PM- 12:30 AM,"Was outside for approx 3.5 hrs and saw an object flashing red/green and later white moving slow,fast,up/down,left to right and visversa",9/9/22,Yes
65,7/28/22 20:27,Barnesville,PA,USA,Circle,3 minutes or so,Slow and Low white orb,9/9/22,
66,7/28/22 18:38,Austin,TX,USA,Disk,50 seconds,Saw a hollow looking disk hovering about a quarter mile away and about 200 feet off the ground.,9/9/22,
67,7/28/22 12:39,Mt. Rainier National Park,WA,USA,Disk,A few seconds,The pilot announced Mt. Rainier on the left.I was seated by the left window.I immediately took my phone and captured 3 photos.,9/9/22,Yes
68,7/28/22 10:20,Farmington,MN,USA,Light,20 seconds,Helicopter was following 4 dim red lights from west to east,9/9/22,
69,7/28/22 04:04,Upland,CA,USA,Circle,23 seconds,Caught on Backyard camera,9/9/22,
70,7/28/22 02:00,McAllen TX enroute Ohio,TX,USA,Formation,2 hours,Witnessed balls of light flying unlike any man made aircraft. Lights moved ahead of us towards the northeast for approximately 2 hours,9/9/22,
71,7/28/22 02:00,Corpus Christi,TX,USA,Changing,Two hours,Several crafts that look like stars and moving erratically. Appeared to be chasing each other,9/9/22,
72,7/28/22 01:10,Villas,NJ,USA,Circle,30 seconds,Seen 2 ‘orbs’ that looked strange. I have videos.,9/9/22,
73,7/28/22 00:26,Woodland/kalama,WA,USA,Sphere,10-12 min,Super bright orb/ disc hovered in place 10-12 mins,9/9/22,Yes
74,7/27/22 23:30,Boulder,CO,USA,Oval,2 to 5 seconds,I had been watching the thunderstorms from my window when I noticed a large oval shaped orange light hovering and quickly shooting off.,9/9/22,
75,7/27/22 22:45,Butler,PA,USA,Changing,2 mins,White light would drop down and move forward and disappear and repeat as it was bigger object moving forward till lost sight over trees,9/9/22,
76,7/27/22 22:32,Naperville,IL,USA,Light,20 seconds,"Bright light sped up, dimmed, turned red, then disappeared",9/9/22,
77,7/27/22 22:30,Tolar,TX,USA,Circle,3 Seconds,Round Green Circle followed by reddish orange short tail falling from space?,9/9/22,
78,7/27/22 22:20,Conway,AR,USA,Star,Shortly past sun rise,A bright small object that moves freely in the sky that seems to be attempting communication with Me,12/22/22,
79,7/27/22 22:00,Burnaby,BC,Canada,Circle,1 to 2 minutes,Round saucer disk flying erratic and a high speed.,9/9/22,
80,7/27/22 22:00,Seattle,WA,USA,Light,Less than 5 min,Unusual light disappears into sky,9/9/22,
81,7/27/22 21:30,Detroit,MI,USA,,,I didn’t know what the object was. No news reports of this object,9/9/22,
82,7/27/22 21:00,Bunker Hill,KS,USA,Light,Current/ last 15 min,Driving west on hwy70 and have had a bright white rectangle hovering in same spot in sky for extended time. Clearly not a celestial bod,9/9/22,Yes
83,7/27/22 21:00,Tacoma,WA,USA,Light,Several hours,Several craft that were blinking blue white red light,9/9/22,
84,7/27/22 19:30,Somerset,KY,USA,Disk,,I am on flight on JetBlue plane and noticed this flying opposite direction at a high speed,9/9/22,
85,7/27/22 11:20,Maple Grove,MN,USA,Cigar,2 min,"Large shiny, almost white object shaped like a cigar… slowly moving in the sky, then completely stops in mid air & disappeare instantly",9/9/22,
86,7/27/22 10:00,Trumbull,CT,USA,Sphere,30 minutes,Orb was stationary for 20 minutes then drifted for 10 minutes,9/9/22,
87,7/27/22 09:22,Ettensberg south west alps,Bavaria,Germany,Circle,Split second,Took a scenic picture saw heard nothing looked back at photo saw it in the photo no sound no noise heard,10/8/22,Yes
88,7/27/22 05:42,Decatur,GA,USA,Changing,Bout a minute.,Came outside to smoke a cigar and saw a bright fire ball travelling south at a constant speed and then slowing down and then dim!,9/9/22,
89,7/27/22 00:00,"Hudson, NY",NY,USA,Triangle,About 3 minutes,Saw a large triangular black silhouette moving very slowly (maybe 5 mph) approx 500-800ft in air completely silent one solid red light.,9/9/22,
90,7/26/22 23:15,Usk Monmouthshire south wales,Monmouthshire,United Kingdom,Star,10 minutes,Multiple sightings within ten minutes,9/9/22,
91,7/26/22 22:50,Greenwood,DE,USA,Other,1 minute,HUGE unkn aircraft passed/glided directly overtop our vehicle. Moved slow /made NO sound until right overtop - unkn engine noise,9/9/22,Yes
92,7/26/22 22:47,Seneca Falls,NY,USA,Unknown,A little over a minute,"I saw a very bright, white light moving through the sky and before I knew it, it was gone.",9/9/22,
93,7/26/22 22:00,Futura,Uvea,France,Circle,1 année lumière,Ressembler à un commentaire mal sourcé,9/9/22,
94,7/26/22 21:43,Shelby Township,MI,USA,Oval,30 seconds,"Bright Sphere , and then turned to cigar shape and then went updward",9/9/22,
95,7/26/22 21:38,LaPorte,IN,USA,Oval,3 hours,"It was approximately 18 in away, 4 inches off the ground, gold and purple dense but translucent, barely a whirring sound",9/9/22,
96,7/26/22 21:31,Chagrin Falls,OH,USA,Oval,2-3 minutes,"Large oval shape object with black dot in the middle, varying in intensity with two additional orbs rotating around the main one.",9/9/22,
97,7/26/22 21:22,Gatineau,,Canada,Other,about a quarter second,A fast moving object was captured on an infrared camera moving downscreen to the left,12/22/22,
98,7/26/22 20:30,Contoocook,NH,USA,Cigar,,Saw a black cigar craft suspended in the sky that disappeared and reappeared within 5 minutes only to dissapear for good.,9/9/22,
99,7/26/22 20:15,Davenport,WA,USA,Sphere,8 minutes,Bright sphere shaped object that appeared to be sitting stationary above the hills on the horizon for approximately 8 minutes.,9/9/22,
100,7/26/22 18:03,Leicester,,,Cylinder,45 seconds,The two UFOs stayed still in the sky and flew away.,9/9/22,
101,7/26/22 04:06,Staten Island NY,NY,USA,Cigar,10 seconds,I was filming the stars sky watching as I always do and this object flew by at a steady pace not super fast it was totally silent,9/9/22,
102,7/26/22 01:57,Eustace,TX,USA,Unknown,Ongoing since atleast 130,A bright light. NOT ISS,9/9/22,
103,7/26/22 01:27,Mulino,OR,USA,Circle,2-4 minutes,An object flashed goldish white 4 times and a flash behind it.,9/9/22,
104,7/25/22 23:00,Bonaire,GA,USA,Light,1 minute,Saw two lights,9/9/22,
105,7/25/22 22:25,,Hampshire,United Kingdom,Light,30 seconds,We saw an intense white light like a star moving down in the sky for 30 seconds then disappeared then appeared again after ten seconds,9/9/22,
106,7/25/22 22:00,Sandusky,OH,USA,Cigar,20 minutes,Observed the first craft on my way back to my room and then observed two more craft before running outside to call parents and record.,9/9/22,
107,7/25/22 20:22,Epsom,Surrey,United Kingdom,Circle,2-3 minutes,Several craft flying over.,9/9/22,Yes
108,7/25/22 19:17,Stockton,CA,USA,Oval,30 seconds,"White object moving north to south across the sky, no sound, no condensation trail.",9/9/22,
109,7/25/22 04:00,Ashland,WI,USA,Star,Still Ongoing,Observing as I report with a spotting scope and binoculars,9/9/22,
110,7/24/22 23:45,Intercourse,PA,USA,Light,1 minute,Small silent red dot doing maneuvers over Amish farm,9/9/22,
111,7/24/22 23:00,Dingmans Ferry,PA,USA,Circle,40min then fell asleep,"Round light high in sky, darting around irregularly like insect, blinking irregularly",9/9/22,
112,7/24/22 22:42,Mequon,WI,USA,Light,instant,"While star gazing, I saw an extremely bright flash, no sound near the handle of the dipper in the north west sky",9/9/22,
113,7/24/22 22:41,Sealy,TX,USA,Oval,10 seconds,"Blue light shines thru my window , I look outside and I see blue ball going north then shift left and was gone in less then 10 seconds",9/9/22,
114,7/24/22 22:00,Boise,ID,USA,Formation,All night,Polar express ( quick nickname between friends),9/9/22,
115,7/24/22 21:59,Platteville,WI,USA,,Videos for 2 weeks,In last 2 weeks 17. Got all the videos and rnn tried. Doesnt show. I was abducted when I was 19. Got super great videos of it all. Ask,9/9/22,
116,7/24/22 21:54,Spruce Pine,NC,USA,Sphere,9pm to 11pm,"Spheres that change color, move across the sky and sometimes disappear.",9/9/22,
117,7/24/22 21:53,Orland Park,IL,USA,Circle,More than 4 minutes,I saw 4 circular orbs that were orange and they were very small,9/9/22,Yes
118,7/24/22 21:46,Bremerton,WA,USA,Oval,15 seconds,Sighted Black Barrel/Oval going North to South in sky,9/9/22,
119,7/24/22 21:30,Tama,IA,USA,Light,One and a half hours,"Bright, light in night sky, moving minutely and then erratically for 1.5 hours, 10-in circumferenz, returning to zenith w 5 mini-lights",9/9/22,
120,7/24/22 20:13,Salisbury,MD,USA,Cigar,,Stepped out to smoke saw craft caught my eye then noticed over 20 of them.,9/9/22,Yes
121,7/24/22 19:02,Tockenham,Swindon,United Kingdom,Circle,No more than 2 minutes,Small silver ball,9/9/22,
122,7/24/22 16:10,Houston,TX,USA,Oval,1min,Bright silver oval/disc in south sky,9/9/22,
123,7/24/22 14:47,Raleigh,NC,USA,Sphere,2-3 min,"Small dark sphere-shaped car-sized craft traveling just below the clouds at a consistent pace with sound, no tail, no lights.",9/9/22,
124,7/24/22 01:40,Wimberly,TX,USA,Sphere,2 minutes 55 seconds,Orb of light dancing in the night sky.,9/9/22,
125,7/23/22 23:17,Abilene,TX,USA,Formation,1 minute,Cluster of lights with one seperated,9/9/22,Yes
126,7/23/22 23:15,Derby,VT,USA,Triangle,3-5 minutes,This thing was maybe a few hundred feet above me and making absolutely no noise what so ever.,9/9/22,
127,7/23/22 23:03,folsom,LA,USA,Delta,2-4 minutes,"Saw an object disappear and instantly reappear further away multiple times, got closer and saw that it was a delta with 3 lights.",9/9/22,
128,7/23/22 22:35,Cleveland,TN,USA,Triangle,Lasted 3 seconds,Seen a triangular craft with 4 lights,9/9/22,
129,7/23/22 22:34,Austin,TX,USA,Disk,1-3 minutes,UFO hovering shutting off lights and slowly drifting behind clouds,9/9/22,
130,7/23/22 22:30,Medicine bow,WY,USA,Cylinder,1-4 minutes,.5-2 miles above ground,9/9/22,
131,7/23/22 22:00,Pocatello,ID,USA,Light,10-15 minutes,"Pinkish, square lights very high up. In a straight line approx 20 miles long silent moving south to north duration 10-15 min",9/9/22,
132,7/23/22 21:40,Saint Paul,MN,USA,Unknown,61 minutes,"Loud, thunderous, rythmic noises for at least 60 minutes, followed by two lightless darkened low-flying helicopters headed toward it.",9/9/22,
133,7/23/22 21:37,Point pleasant,NJ,USA,Changing,5 hours still there,All four times I have worked at this beach I have 30 videos,9/9/22,Yes
134,7/23/22 21:30,Wichita,KS,USA,Light,6 seconds,Red/green/white from south to north of entire sky in 6 seconds.,9/9/22,
135,7/23/22 21:30,Syracuse,NY,USA,Circle,5 minutes,"4 perfectly symmetrical lightfs in a diagonal for, not exactly near to one another, but standing still.",9/9/22,
136,7/23/22 21:10,Salisbury,MD,USA,Circle,Approximately 5 minutes,Bright orange ball of light moving slow in the sky,9/9/22,Yes
137,7/23/22 21:00,Covina,CA,USA,Light,30 seconds,Round redish orange light slowly moving west to east. No sounds. Just all of a sudden disappeared.,9/9/22,
138,7/23/22 18:35,Chelmsford essex,Essex,United Kingdom,Circle,It was for about 5 minute,It was pretty strange. Just a black circle in the sky for 10 minutes,9/9/22,Yes
139,7/23/22 18:00,bournemouth,Dorset,United Kingdom,Triangle,2-3 minutes,The object looked like a batman shaped. It caught my attention since it was swirling and swinging very easily in the sky.,9/9/22,
140,7/23/22 13:54,Milwaukee,WI,USA,Other,Short video clip,US Air Show with Jets - Video shows something Exiting Stage Left Quickly,9/9/22,Yes
141,7/23/22 10:54,West Bend,WI,USA,Circle,8-10 seconds,Giant black circle  with extremely bright green red blue light,9/9/22,
142,7/23/22 06:09,Dubai,Dubai,United Arab Emirates,Cone,15 Minutes,There was a big cone that looked like an orange cone,9/9/22,
143,7/23/22 05:35,Slidell,LA,USA,Circle,45 seconds to one minute,I saw 2 round white orbs flying fast towards the rising sunlight to which they disappeared in the light about a minute long watching t,9/9/22,
144,7/23/22 04:15,Elora,ON,Canada,Light,One minute,"3 objects glowing moving south, one veered east then continued south",9/9/22,
145,7/23/22 04:00,philadelphia,PA,USA,Circle,an hours or so,The craft has green lights blinking in a circular pattern for a few moments.  Craft moved to the NW direction lights flashing.,9/9/22,Yes
146,7/23/22 02:00,Morgantown,WV,USA,Star,About an hour and a half.,"Moving star. Not a satellite. Saw it in the sky southwest of my location, but it moved to dead center of the sky where I was at.",9/9/22,
147,7/23/22 00:52,Hilham,TN,USA,Circle,Several minutes/an hour,"Very bright, white light that hovered/moved with ease. Travel distance very fast. No sound.",9/9/22,
148,7/22/22 23:10,Bly Oregon,OR,USA,Cigar,10 mins,4 US air force personnel seen cigar shaped object,9/9/22,
149,7/22/22 23:04,klamath falls,OR,USA,Cigar,30 seconds,"I went out back, looked up seen the train of lights, had my son record it.",9/9/22,Yes
150,7/22/22 23:00,Many,LA,USA,Cylinder,30 to 40 seconds,Seen a this figure in the sky not moving then slowly faded away.,9/9/22,Yes
151,7/22/22 22:55,Plymouth,MN,USA,Cigar,3 minutes,It flew across the sky in front of us for about 2 minutes then disappeared. Very slim. Low flying.,9/9/22,Yes
152,7/22/22 22:54,Lindsay,NE,USA,Rectangle,Approximately 2-3 minutes,I saw a rectangular craft with strobing lights fly silently from south to north of my location. Was not starlink satellites!,9/9/22,
153,7/22/22 22:53,Sapulpa,OK,USA,Disk,I have 1minet video,"Stepped outside just caught it mid passing probably 2,000 ft away headed north in area code 74066 at 10:50 p.m. I do have video",9/9/22,
154,7/22/22 22:45,Pacific City OR USA,,,Rectangle,Long rectangular red ligh,Traveling from south to north large cylinder with dim double row red lights.,9/9/22,
155,7/22/22 22:35,Bend,OR,USA,Disk,A few minutes,It was bright and round ish,9/9/22,Yes
156,7/22/22 22:25,STOCKBRIDGE,MI,USA,Other,60 seconds,Linear formation of multiple white lights moving in unison evenly spaced viewed in the sky overhead,9/9/22,Yes
157,7/22/22 22:25,Oakland,CA,USA,Cigar,Around 1-2 minutes,Some friends and I were chilling in the mountains when we looked in the sky and seen a solid beam of lights. It seemed to be rotating.,9/9/22,Yes
158,7/22/22 22:25,Dublin,OH,USA,Cigar,2-3 minutes,"Saw an object moving straight down slowly, as we were watching it, several lights lit up consecutively and then it disappeared.",9/9/22,
159,7/22/22 22:15,Rosebud,SD,USA,Disk,3 minutes,Dark chrome disk,9/9/22,
160,7/22/22 22:00,Steamboat Springs,CO,USA,Sphere,20 seconds,A chain of lights moving at high speed,9/9/22,
161,7/22/22 22:00,Somers point,NJ,USA,Fireball,3 min,3 glowing balls,9/9/22,
162,7/22/22 22:00,Ossian,IN,USA,Circle,4 minutes,"Flying saucer/UFO, Light blue neon lights, Very clear view, seemed to be 1 living ET in spacecraft, after about 4 Minutes, it was gone.",9/9/22,
163,7/22/22 22:00,Boulder,CO,USA,Rectangle,30 seconds,Bright white perimeter of elongated rectangle with evenly spaced circular lights in middle,9/9/22,Yes
164,7/22/22 21:55,Cottonwood Heights,UT,USA,Cigar,About 20 seconds,"At home in backyard, huddled in rows of 3 with lines about 20 long",9/9/22,Yes
165,7/22/22 21:54,Silverthorne,CO,USA,Cigar,1 minute,Lighted object seen moving north to south,9/9/22,Yes
166,7/22/22 21:50,Custer,SD,USA,Formation,40 seconds,We sat around outside our camp fire and one of party members looked up to the sky and saw the strange shape that was slowly moving.,9/9/22,
167,7/22/22 21:47,Cedar Springs,MI,USA,Cigar,3-5 minutes,"Huge cylinder floated across the sky, lit up and then disappeared",9/9/22,
168,7/22/22 21:42,Upper Pottsgrove,PA,USA,Circle,5 minutes,3 orange yellow orbs,9/9/22,
169,7/22/22 21:30,Salinas,CA,USA,Unknown,10 minutes,Lights staying still in sky that turned “on and off”,12/22/22,
170,7/22/22 21:24,Pimpri-Chinchwad,Maharashtra,India,Formation,Less than minute,Formation of lights,9/9/22,
171,7/22/22 21:19,Dansville,NY,USA,Unknown,,Ufo sighting,12/22/22,Yes
172,7/22/22 21:18,Concord,NH,USA,Teardrop,3 days,Upon driving thru multiple towns an object that was well lit followed me three nights in a row,9/9/22,
173,7/22/22 20:55,Aronldsville,GA,USA,Changing,One hour,Spotted several craft on July 22nd at 8:50pm started as orb then triangle craft was 50 feet over house and then came right over my head,9/9/22,
174,7/22/22 20:10,Levittown,PA,USA,Chevron,one minute,Watching a passenger plane with short contrail making a turn when this was going by in the opposite direction,9/9/22,
175,7/22/22 20:03,Huntsville,TX,USA,Circle,One minute,From my back porch I was taking photos of the sunset and saw the green orb. It moved upward and went behind the clouds.,9/9/22,Yes
176,7/22/22 19:00,Skippack Township,PA,USA,Cigar,15 minutes,"Craft was yellow, moving slowly without any sound ..",9/9/22,
177,7/22/22 18:00,Bradenton,FL,USA,Sphere,20-30 seconds,looked up at storm clouds as leaving theatre & saw silver ball/sphere speeding NW..turned black & disappeared,9/9/22,
178,7/22/22 15:20,Malibu,CA,USA,Sphere,25-35 seconds,"A sphere, approximately 200-400' in the air, sat stationary until it ""blinked"" out of sight",10/8/22,
179,7/22/22 15:10,Prineville,OR,USA,Chevron,,Chevron shaped mirrored image fell from blue sky moved rapidly back into blue sky,9/9/22,
180,7/22/22 11:00,Moore,OK,USA,,10 minutes,Long cigar solid shaped craft with light beam,9/9/22,Yes
181,7/22/22 05:05,Pittsfield,MA,USA,Star,30-60 seconds,"I saw what appeared to be a star, but it was moving in very weird directions",9/9/22,
182,7/22/22 05:00,Kannapolis,NC,USA,Light,10 seconds,2 Headlight looking lights off in distance.,9/9/22,
183,7/22/22 01:20,Yankton,SD,USA,Cylinder,4-5mins,Fiery blue cylinder shape,9/9/22,
184,7/21/22 23:36,Onaway,MI,USA,Unknown,3 minutes approximately,"Saw a bright light traveling east, then it stopped.",9/9/22,
185,7/21/22 23:30,Whitng,NJ,USA,Circle,About 8 minutes,Circle type craft moving at incredible speeds,9/9/22,
186,7/21/22 23:20,Terrebonne,OR,USA,,A few seconds,Bright flash of light and then a trail going down.,9/9/22,
187,7/21/22 23:00,Pottstown,PA,USA,Light,30 min,Many UAP sitting in the sky. String of lights not moving. V shape lights not moving. Other moving craft with bright under lights.,9/9/22,Yes
188,7/21/22 22:41,Homewood,IL,USA,Star,10 minutes,Several stars are continuing to move over our house in different directions and are changing direction at extremely fast rates.,9/9/22,
189,7/21/22 22:00,Pioneer,CA,USA,Light,1 minute,5 lights appeared then disappeared one after the other in a line the length of a fist stretched out at arms length,9/9/22,
190,7/21/22 21:46,Dayton,OH,USA,Circle,40 Seconds,The UFO was seen low to the ground at high speeds.,9/9/22,
191,7/21/22 21:33,Philadelphia,PA,USA,Circle,5 minutes,Green orbs lined up like orion's belt then changed positions to an obtuse triangle almost like the handle of the dipper,9/9/22,
192,7/21/22 16:30,Gibsonton,FL,USA,Cylinder,5 minutes,"Saw a white light in the sky, then shot up about 1000 feet in second then light changed colors then craft started changing shape in sky",9/9/22,
193,7/21/22 14:28,Keizer,OR,USA,Light,Just a few minutes,Either a cluster of drones flying in sync or....,9/9/22,
194,7/21/22 09:30,In between Grand lake Estes Park,,,Cigar,30min,Was at the top of a mountain and did not have any visible things on the way outside to indicate what was giving it propulsion,9/9/22,
195,7/21/22 09:21,Rocky Mountain National Park,CO,USA,Cigar,30 minutes,Was a white rectangle box that rose up off of a mountain,9/9/22,
196,7/21/22 09:20,Rocky Mountain National Park,,,Cigar,30 minutes,Was a white rectangle box that rose up off of a mountain,9/9/22,Yes
197,7/21/22 06:00,McVeytown,PA,USA,Sphere,30 seconds,"White, spherical object flying silently in northeasterly direction.",9/9/22,
198,7/21/22 05:15,Stinett,TX,USA,Circle,,A round floating object in the sky appearing close proximity to the man,9/9/22,Yes
199,7/21/22 01:35,Boca Raton,FL,USA,Disk,Watched for about 10 minu,"Looked like 3 lights, was hovering, only light in the sky",9/9/22,
200,7/21/22 01:30,Goochland,VA,USA,Triangle,about 3 minutes,It was too big to be going that slow and low in the sky. I stood at the window' do not remember seeing it pass over house?,9/9/22,
201,7/21/22 00:15,Oceanside,CA,USA,Chevron,20 seconds,Dark Blue Darting Chevron shape,9/9/22,Yes
202,7/20/22 23:15,Lakewood,WA,USA,Sphere,10 sec,Sphere followed/escorted by helicopter,9/9/22,Yes
203,7/20/22 16:50,Anchorage,AK,USA,Cylinder,It’s save in my computer,"We was looking out our window taking picture of the clouds because of the colors. Then this huge ufo appeared, You can see a wormhole",12/22/22,Yes
204,7/20/22 11:00,Vero beach,FL,USA,Disk,2 minutes,"Stationary disk sat for 2 minutes, then flew off at enormous speed",9/9/22,
205,7/20/22 04:23,Not sure,NE,USA,Light,Not sure 39 mins or more,My uncle sent me video footage from his phone from the truck stop he was at as well as a picture from his phone,9/9/22,Yes
206,7/19/22 23:38,Albuquerque,NM,USA,Light,1:20,Flashing Light in the Clouds,9/9/22,
207,7/19/22 22:45,Everett,WA,USA,Light,Lasted around 10 to 15 mi,Super bright&fast moving orange lights,9/9/22,
208,7/19/22 22:20,Melbourne,AR,USA,Light,About 7 minutes,Two orange lights slowly pulsing in the distance.,9/9/22,
209,7/19/22 21:30,Cosby,MO,USA,Light,7 minutes,Three orbs of light sighted for seven minutes before each light disappeared one by one.,9/9/22,
210,7/19/22 19:39,Cedarhurst,NY,USA,Unknown,fast but got a photo,Something flew fast and I took a picture and caught it.,9/9/22,Yes
211,7/19/22 16:57,Port St. Lucie,FL,USA,Diamond,1 hour,"Three semi-metallic, diamond shaped craft.",9/9/22,Yes
212,7/19/22 12:27,Short Pump,VA,USA,,20 seconds,"Saw a strange cloud in the sky. Twisting upward like an upside down tornado. That's what caught my eye, so I took a few pictures of it.",9/9/22,Yes
213,7/19/22 10:18,Fort Collins,CO,USA,Triangle,5 seconds,"Very large scale, fast moving, dim lights in triangle shape flew over from East to West.",9/9/22,
214,7/19/22 02:27,Los Angeles,CA,USA,Unknown,2-6 minutes,My friend saw something near the moon and I thought she was lying until I actually looked up.,9/9/22,Yes
215,7/19/22 00:54,Emmett,ID,USA,Unknown,10 seconds,Green light turned red headed up hill,9/9/22,
216,7/19/22 00:12,Near atlanta,GA,USA,Fireball,Few minutes,Traveling in plane,9/9/22,
217,7/19/22 00:00,Stafford,Staffordshire,United Kingdom,Sphere,1 minute,Spherical light descending from a high altitude.,9/9/22,
218,7/18/22 23:51,,Carmarthenshire,United Kingdom,Light,Few minutes.,Bright orb flying towards the east.,9/9/22,
219,7/18/22 23:01,Chapel Hill,NC,USA,Unknown,At least 5 minutes,"Saw hovering solid red and green light, which quickly moved a long distance then back, then hovered again.",9/9/22,
220,7/18/22 23:00,Auburn Hills,MI,USA,Star,25 seconds,Undercover Satellite,9/9/22,
221,7/18/22 22:44,Philadelphia,,,Disk,Flew for a split second,Flew fasted glowing from behind FMC buikding,9/9/22,
222,7/18/22 19:00,Gold coast,Queensland,Australia,Disk,1 Minute,A ship with purple trail is seen in the sky,9/9/22,
223,7/18/22 06:10,Canberra,Australian Capital Territory,Australia,Cigar,40seconds,Long thin object viewed travelling slowly through sky,9/9/22,
224,7/18/22 05:20,Chester,VT,USA,Cigar,1 minute approximately,I saw a large silver/white glowing object moving across the horizon,9/9/22,
225,7/18/22 02:37,Bass River Township,NJ,USA,Unknown,15 minutes,"I was indoors so did not see a craft this time, just an ""entity"" that may be related to my other recent sightings of spherical craft.",9/9/22,
226,7/18/22 00:10,Greeley,CO,USA,Circle,25 minutes,Light 1/3 size of the moon distintly round but hazy when all the stars were sharp and crisp.,9/9/22,
227,7/17/22 23:20,Kennesaw,GA,USA,Unknown,A couple hours,Saw something standing there it was small and brown and disappeared as I jumped.,9/9/22,
228,7/17/22 22:00,Clayton,NC,USA,Rectangle,1 minute,"Object sighted in sky relatively low, appeared to be a white bright translucent light moving from left to right",9/9/22,Yes
229,7/17/22 21:48,Oak Forest,IL,USA,Chevron,8 minutes,"Silent, orange and red non blinking lit up craft. Moving south. Never seen anything like it.",9/9/22,
230,7/17/22 21:25,Unknown,IA,USA,Other,Captured in photo,Didn't realize what I captured until looking at photos,9/9/22,Yes
231,7/17/22 02:14,milton,VT,USA,Diamond,1-2 minutes +,"No noise, it was like one big lit up Diamond (like a star- no random lights), dogs were howling, this ufo chased me, dread feeling",9/9/22,
232,7/17/22 00:55,chaska,MN,USA,Circle,10mins+,Stationary lights in the clouds,9/9/22,Yes
233,7/16/22 23:27,Kuna,ID,USA,Triangle,2-3 minutes,Saw a slow moving large object that was silent.,9/9/22,
234,7/16/22 23:00,Athens,GA,USA,Chevron,Several hours every night,Chevron shaped and V shaped more than 1 and different sizes,9/9/22,Yes
235,7/16/22 22:30,Spartanburg,SC,USA,Diamond,Approximately 20 minutes,"Clusters of lights in the shapes of triangles, moving through neighborhood. Seen by many folks in neighborhood.",9/9/22,
236,7/16/22 18:49,Rugby,,United Kingdom,Oval,5 minutes,"Light oval/tictac shape metallic looking. High up, hovering and doing strange movements. I have a video",9/9/22,
237,7/16/22 16:51,Matawan,NJ,USA,Unknown,30 seconds - minute,At 4:51 pm I saw 3 black objects moving from south to north,9/9/22,Yes
238,7/16/22 12:57,Laramie,WY,USA,Sphere,Sense sunset the 15th,Saw a bright object at sunset above clouds that looked balloon shaped with binoculars.,9/9/22,Yes
239,7/16/22 12:00,Tayport fife,Fife,United Kingdom,Oval,5-10mins,Tic tac darting about sky,9/9/22,
240,7/16/22 11:40,Boynton Beach,FL,USA,Diamond,30 seconds,I was alerted to it by the Sun's refection & lack of movement.,9/9/22,
241,7/16/22 07:56,Concho,,USA,Circle,24 hours a day every day,seen in the night sky above home Blinking white lights white can be seen following my vehicle overhead when driving car/follows me,9/9/22,
242,7/16/22 04:53,,Queensland,Australia,Chevron,3 minutes,7 bright objects moving slowly westward from the city,9/9/22,
243,7/16/22 04:33,Worcester,MA,USA,Changing,I watched it for 6-7 mins,"I observed a bright object that appeared to be a cluster of lights , it changed from oblong to rectangular.",9/9/22,
244,7/16/22 02:50,Katy,TX,USA,Fireball,1 minute,Orange fireball seen moving upward from low position then drifting off into the air. Video evidence.,9/9/22,Yes
245,7/16/22 02:30,Stoneham,MA,USA,Rectangle,1 minute,Lights hovered in sky and moved overhead bright red lights blinking then stopping changing course at a right angle and moving away.,9/9/22,
246,7/16/22 02:18,Ridgecrest,CA,USA,Circle,Approximately 10 to 15 se,I saw a very large bright intense green fireball. I was driving along side it so I don't know if it was moving or not.,9/9/22,
247,7/15/22 23:11,Corpus Christi,TX,USA,Light,10-15 seconds,Red Light SLOWLY GOING DOWN,9/9/22,
248,7/15/22 22:49,Lebec,CA,USA,Other,,"Green transparent light; falling directly from the sky into the grown, then vanishing",9/9/22,
249,7/15/22 22:38,Barnwell,SC,USA,Light,Abt. 20 sec.,Blue pulsating light,9/9/22,
250,7/15/22 22:06,Two Harbors,MN,USA,Disk,,Orange light moving,9/9/22,
251,7/15/22 22:01,BRADENTON,FL,USA,Circle,Approx one minute,Bright white sphere. Larger than a star..moving steadily then vanishing.Not helicopter.no flashing lights.,9/9/22,
252,7/15/22 22:00,COLUMBUS,OH,USA,Light,About 20 to 40 minutes,"Light at long distance that rose vertically, dropped about 10 degrees and then remained stationary and pulsed about once per second.",9/9/22,
253,7/15/22 22:00,East granby,CT,USA,Changing,1 minute. Was very quick,"Was talking with my moms bf, when I looked above and saw a metallic shape, but shortly after it left a trail of light and vanished.",9/9/22,Yes
254,7/15/22 21:00,Winchester,MA,USA,Triangle,30 -45 seconds,3 points of light in a massive triangle moving together,9/9/22,
255,7/15/22 20:45,Fredericksburg,VA,USA,Light,Roughly 5 minutes,Bright light hovering in northern sky.,9/9/22,
256,7/15/22 20:00,"laramie, wyoming",WY,USA,Cone,30 minutes,Looked up in the dimming night sky--sun was still setting--orange to the west---above I saw a very bright -very large STRAIGHT object,9/9/22,Yes
257,7/15/22 19:15,Ruskin,FL,USA,Circle,2-3 minutes,"Brightly lit object stationary in the sky for 2-3 minutes, during recording my camera failed and shut off",9/9/22,Yes
258,7/15/22 17:33,,,,Oval,,odd light in the sky,12/22/22,Yes
259,7/15/22 14:20,Columbus,OH,USA,Other,Few minutes,Craft was in the shape of a ring. My son called it Sonic’s ring.,9/9/22,Yes
260,7/15/22 11:30,Destin,FL,USA,Oval,5 seconds,Stationary white oval with tail,9/9/22,
261,7/15/22 10:30,Checotah,OK,USA,Circle,50 minutes,All the stars moved so fast that we got scared then the usaf followed them,9/9/22,
262,7/15/22 03:25,Napavine,WA,USA,Sphere,Lasted about an hour,Very bright bouncing sphere. Illuminating the clouds and sky.. slow moving,9/9/22,
263,7/15/22 00:22,Memphis,TN,USA,Changing,Almost 3 minutes of foota,Strange big light object appeared in the sky and sat there just kind of tilted.,9/9/22,
264,7/14/22 23:53,Stanwood wa,,,Circle,15 seconds,Saw a bright unblinking light going above my house and the light was changing colors,9/9/22,
265,7/14/22 22:36,Plymouth,VT,USA,Cigar,W-SE 45 - 90 sec.,Very unusual craft traveling w-se no sound whatsoever,9/9/22,
266,7/14/22 22:30,East Hartford,CT,USA,Oval,13 Minutes,At approximately 10:30pm on 7/14 I noticed 4 oval shaped lights hovering about 150ft above the park down the street.,9/9/22,
267,7/14/22 21:45,Bowling Green,KY,USA,Other,Ongoing,Many lights appeared behind my house and other homes in the neighborhood after an orb appeared in the sky the night before.,12/22/22,Yes
268,7/14/22 21:26,White City,SA,Canada,Triangle,less than a second,Saw three lights in triangle shape shoot across sky,9/9/22,
269,7/14/22 21:25,"Kirklandlake , ontario",,Canada,Circle,"15 ,20 min from north s",No noise .no exaust .no lights seen orb infront of the rectangle,9/9/22,Yes
270,7/14/22 21:18,Carson City,null,USA,Circle,About a minute,"Bright orb in the eastern sky, moving incredibly fast.",9/9/22,
271,7/14/22 21:08,Gorham,ME,USA,Light,7 minutes,"Flying bright white light, no visible structure, no sound",9/9/22,
272,7/14/22 21:00,Seattle,WA,USA,Star,Several minutes,Saw a star shaped craft floating like a feather and gliding across the sky towards the airport probably 400-500’ in the air,9/9/22,
273,7/14/22 20:58,Torrance,CA,USA,Teardrop,Six seconds,Dark Gray Mass Over Southern California,9/9/22,
274,7/14/22 20:50,West Melbourne,FL,USA,Cylinder,10 min,It was an aura surrounding a light with a flashing light following behind it,9/9/22,
275,7/14/22 20:48,Hollywood,FL,USA,Light,3 minutes,Round silent white traveling west to east flying erratically leaving smoke trail.,9/9/22,Yes
276,7/14/22 20:45,Jupiter,FL,USA,Unknown,Maybe 5-8 minutes,Strange cloud formation and an object flying out from it moving very slow,9/9/22,
277,7/14/22 20:27,Marshall,TX,USA,Other,2 minutes,I saw a bright object resembling a plane with one wing go across the sky and a fake cloud with super fast disc fling underneath it,10/8/22,Yes
278,7/14/22 20:20,Phoenix,AZ,USA,Light,15 minutes,"Steady green light hovering 1-2 min, change to red bright, intense, 1 min then green, 6 degree west 2 sec hover E original fade south",9/9/22,
279,7/14/22 18:11,Skelmersdale,Lancashire,United Kingdom,Oval,29 seconds,"We sat in a hut having a smoke and chat, I suddenly stopped and said look at that!",10/8/22,Yes
280,7/14/22 14:56,Norwalk,CT,USA,,5 minutes,Figure over South Norwalk,9/9/22,Yes
281,7/14/22 14:00,Smith Mills,KY,USA,Cigar,,Saw a very bright light coming from toward the river,10/8/22,
282,7/14/22 12:51,YPSILANTI,MI,USA,Circle,,UFO flies up to Blue Angel Jet during Air show practice,10/8/22,Yes
283,7/14/22 08:40,Fripp Island,SC,USA,Light,15 seconds,Red light moving,9/9/22,
284,7/14/22 05:40,Blayney,New South Wales,Australia,,90 - 120 seconds,A long string of star size lights,9/9/22,
285,7/14/22 02:30,Moffat,CO,USA,Other,an hour at least,"Golden Geometrical cube rotating in the sky for long period of time, looked 3D",10/8/22,
286,7/14/22 02:17,Merthyr Tydfil,null,United Kingdom,Star,I fink all night,"It looked like a star, but the stars don't shine that hard",9/9/22,Yes
287,7/14/22 01:32,Morganton,NC,USA,Changing,Unknown,Changing pinkish white geometric orb,9/9/22,
288,7/14/22 01:05,Memphis,TN,USA,Changing,I watched for 2 hours,Triangular bright changing shape and color,9/9/22,
289,7/14/22 00:55,Manchester,Bolton,United Kingdom,Circle,1 min 37 seconds,Back garden look up and saw bright light,9/9/22,
290,7/14/22 00:14,New Smyrna Beach,FL,USA,Unknown,Not sure. At least 20sec,A glowing object moving around off the coast of New Smyrna beach,9/9/22,
291,7/13/22 23:56,Jefferson City,TN,USA,Triangle,5 minutes,We were driving home and at first we thought it was a plane upon getting closer we both observed the object litteraly hovering,9/9/22,
292,7/13/22 23:40,Regina,SA,Canada,Disk,2 seconds,While watching a large thunderstorm an oval disk shaped craft was illuminated against the clouds it floated up and right and disapeared,9/9/22,
293,7/13/22 23:04,Stirling,Stirling,United Kingdom,Light,Aprox 5 mins,"2 Lights hovering, moving after short period",9/9/22,
294,7/13/22 23:00,Garland,TX,USA,Circle,15 seconds,I saw a red/green spherical object on my roof,9/9/22,
295,7/13/22 22:00,Ewing,NJ,USA,Light,2 minutes,Looking up saw light flying across sky and over my house,9/9/22,
296,7/13/22 21:22,Huntley,MT,USA,,30 seconds,Hovering Light,9/9/22,Yes
297,7/13/22 20:30,Hazel Green,WI,USA,Oval,About five minutes.,Two UFO’s flew past each other in opposite directions.,9/9/22,Yes
298,7/13/22 20:03,Smyrna,TN,USA,Sphere,Saw 30 - 45 secs. before,"Leaving store noticed beautiful sky, loaded groceries, driving in car looked at sky again, saw sphere at high alt., recorded it.",9/9/22,
299,7/13/22 20:00,Dayton,NV,USA,Sphere,6 seconds,Bright light suddenly appears above commercial plane,9/9/22,
300,7/13/22 20:00,Abbotsford,BC,Canada,Disk,1 to 2 minutes,We saw a disk shaped object clearly leave Mt Baker and disappear straight up,9/9/22,
301,7/13/22 18:45,Beaver Island,MI,USA,Cylinder,one millisecond,VERY FAST whoosh that was heard and also felt/sensed,9/9/22,
302,7/13/22 12:15,CROSS,SC,USA,Diamond,20 minutes,I was out side late at night about the same place the encounter took place,9/9/22,
303,7/13/22 09:23,Louisville,KY,USA,Circle,In my view for ten minute,"2 orbs, one higher up, both alternating flashing bright white light in 2 second intervals",9/9/22,Yes
304,7/13/22 05:52,Lawrence,MA,USA,Disk,Maybe 1 minute,All metal disc with blue light. After some seconds it just teleported ahead within a second.,9/9/22,
305,7/13/22 04:13,Titonka,IA,USA,Light,2-3 minutes,A very bright and constant light in the northern night sky silently moved east and then south before trees blocked view.,9/9/22,
306,7/13/22 03:45,West Deptford,NJ,USA,Light,30 minutes,"Stationary source of incredibly bright white light, flashing blue to white, puffs of white light shot out of sides.",9/9/22,
307,7/13/22 03:25,San Augustine,TX,USA,Circle,2 Minutes,Watched what I thought was a star or planet move very oddly and then move to 2 different locations I directed it to with my mind.,9/9/22,
308,7/13/22 01:20,Chadderton Oldham,,United Kingdom,Unknown,2 cctv vids of 20 secs,Two vids showing swirling bright bird like image and light pulses on lawn,9/9/22,
309,7/12/22 22:10,Greybull,WY,USA,,20-30 minutes,"Two large glowing objects ejected 3-5 smaller, faster, brighter flying objects into the sky, disappearing over the Western horizon.",9/9/22,Yes
310,7/12/22 21:43,Chesterfield,MO,USA,,1:42,Conclusive video evidence of bright white sphere moving West to East. Morphing like a fireball or star.,9/9/22,
311,7/12/22 20:08,Sebring,OH,USA,Unknown,Odd object moving through,Quiet revolutionary object unbelievably foreign to the sight.,9/9/22,
312,7/12/22 20:00,Maidstone,Kent,United Kingdom,Sphere,2 mins approx,Saw two spheres one behind.,9/9/22,
313,7/12/22 19:30,Linden,PA,USA,Oval,30 seconds,Daylight sighting of Oval shaped Object.,12/22/22,
314,7/12/22 13:30,Tucson,AZ,USA,Changing,3 hrs,Ufo shape shifting up in the sky focused on it and inside a squid looking creature driving,9/9/22,Yes
315,7/12/22 02:00,Bigelow,AR,USA,Disk,At least a half hour more,I saw a strange light hovering with red green lights flickering I took my camera and filmed it . It was moving up/down /diagonal,9/9/22,Yes
316,7/11/22 23:34,OAKRIDGE,OR,USA,Light,4 sec,Object caught on security camera. Seems slower than meteor,9/9/22,
317,7/11/22 23:30,KOLKATA,,India,Light,1 hour,"A light larger and brighter than star.when zoomed in mobile camera, the pattern was changing",9/9/22,Yes
318,7/11/22 23:00,Bloomfield,NM,USA,Circle,1 maybe 2 minutes,"It was a ball of light that came from the north west, did a u and went in the north east direction",9/9/22,
319,7/11/22 22:37,Evansville,IN,USA,Unknown,My video is 9 sec,There was like a drone then what I can describe as a man operated drone,12/22/22,
320,7/11/22 22:03,Los Angeles,CA,USA,Disk,One - two minutes,"While observing the International Space Station, I saw a three-sided circular disk, flipping over and over like a coin, heading west.",9/9/22,Yes
321,7/11/22 22:03,"Van Nuys, Los Angeles",CA,USA,Cylinder,About one minute,This is an addendum to a previous report I filed at the end of August,10/8/22,
322,7/11/22 22:03,Van Nuys,CA,USA,Cylinder,A minute or two,"Saw a lighted, cylindrical UAP, traversing the sky westward in a seemingly level, horizontal trajectory, while continually flipping.",9/9/22,Yes
323,7/11/22 19:30,Canon City,CO,USA,Cross,5 minutes,Ufo,12/22/22,
324,7/11/22 14:36,Bucharest,Bucharest,Romania,Circle,10-15s,"White orb of lighting, no sound, slow",9/9/22,
325,7/11/22 14:00,North Las Vegas,NV,USA,Sphere,1,Multiple lights seen mid-day (near area 51),12/22/22,
326,7/11/22 11:52,Snohomish,WA,USA,Circle,At least 3 minutes,Saw a roundish light object in the sky,12/22/22,Yes
327,7/11/22 08:45,St Clair Shores,MI,USA,Cigar,,"We saw a long tube/pill shaped object flying on an angle. It was clear it had no wings, propellers, and made no sound.",9/9/22,
328,7/11/22 02:23,"Washington, United Kingdom",United Kingdom,United Kingdom,Unknown,Unknown,I checked the flight radar application and there wasn't an aircraft where this object was.,9/9/22,
329,7/11/22 00:48,Blackpool,Lancashire,United Kingdom,Circle,3 minutes,2 UFO flying weirdly over Irish Sea in strange manoeuvre disappearing and reappearing,9/9/22,
330,7/10/22 23:40,Kameno,Burgas Province,Bulgaria,Triangle,10 minutes,Large flying triangle 1 large central orange light and 3 outer lights on each tip of various colours.,9/9/22,Yes
331,7/10/22 22:42,Smithtown,NY,USA,Circle,5-8 seconds,I witnessed what appeared to be a moving aircraft and noticed no beacon lights flashing then I thought it may have been a star,9/9/22,Yes
332,7/10/22 21:45,Dallas,PA,USA,Triangle,10 minutes,A triangle aircraft maneuvering in ways I've never seen in any military aircraft whatsoever,9/9/22,
333,7/10/22 21:34,Rutland,VT,USA,Circle,10 minutes,I was walking my 2 dogs & saw 3 round orange bright lights hovering close together. They hovered for 3 minutes before 2 disappeared,9/9/22,
334,7/10/22 21:34,Live Oak,CA,USA,Sphere,N/A,Above my apartment in my balcony.,9/9/22,
335,7/10/22 21:27,Friday Harbor,WA,USA,Cigar,10 minutes,Cigar shaped object moving slow from NE to SW,9/9/22,Yes
336,7/10/22 20:09,Concord,NH,USA,Cylinder,approx. 20-30 seconds,Travel West to East. Contrails. 3 heat signatures port side. No sonic boom/sub sonic.,9/9/22,Yes
337,7/10/22 15:44,Newcastle upon Tyne,null,,Oval,Around 30 minutes,UPA FOOTAGE FROM ENGLAND,9/9/22,Yes
338,7/10/22 14:30,"Alamosa, San Luis Valley",CO,USA,Sphere,NA,Took two sequential photos and a white sphere was observable in the first but not the second.,9/9/22,Yes
339,7/10/22 12:57,Alexandria,IN,USA,Cylinder,Approximately 20 seconds,"No wings, cylinder streaking across clear sky, comes to complete stop, then streaks 120 degrees straight up and out of sight.",9/9/22,
340,7/10/22 04:45,Rio grande,NJ,USA,Unknown,45 minutes,Hovering at about 2500 ft then ascended and disappeared,9/9/22,
341,7/10/22 01:34,Reading,Wokingham,United Kingdom,Light,,Outside my home,10/8/22,
342,7/10/22 00:34,Eugene,OR,USA,Fireball,At least 10 mins,Glowing orb like fireball hovering in the sky.,12/22/22,Yes
343,7/10/22 00:13,Wisconsin Dells,WI,USA,Light,Seconds,Flash of light traveled across sky,9/9/22,
344,7/10/22 00:10,Franklin,OH,USA,Circle,About 1 minute and 15 sec,"It was a glowing red orb with a tail, then it stopped and was a fuzzy red ball. There were no other colors.",9/9/22,
345,7/10/22 00:10,HAMBURG NY,NY,USA,Unknown,5 minutes,UFO SIGHTING 12:10 AM JULY 10TH NEAR ETERNAL FLAME FALLS.,9/9/22,
346,7/9/22 23:45,Red Lion,PA,USA,Light,1 minute,Very bright red static light slowly moving in a Southernly direction.,9/9/22,Yes
347,7/9/22 22:45,Kenosha,WI,USA,Circle,4mins,Very bright ball of light,9/9/22,
348,7/9/22 22:45,Louisville,KY,USA,Light,2 seconds,We saw it through our house it was a huge light there for only a few seconds and it was a crème color of light.,9/9/22,
349,7/9/22 22:00,Fond du lac,WI,USA,Oval,15 minutes,Seen 5 slow moving craft no sound red and spinning interior,9/9/22,
350,7/9/22 20:48,Roselle,IL,USA,Cylinder,2-3 minutes,Object on fire and then burnt out or disappeared before horizon line,9/9/22,
351,7/9/22 20:45,SAINT PAUL,MN,USA,Circle,10 minutes,Black donut shaped craft,9/9/22,Yes
352,7/9/22 20:38,Queen Creek,AZ,USA,Oval,10 Seconds,Vibrant green spheroid object racing along the valley floor over suburban residential area.,9/9/22,
353,7/9/22 18:00,Brisbane,Queensland,Australia,Light,5mins,Lights playing in the sky,9/9/22,
354,7/9/22 17:52,Rapid City,SD,USA,Circle,Over 30 minutes,"Cloudy ""ring"" in the sky",9/9/22,Yes
355,7/9/22 17:10,Palmer,AK,USA,,Caught on camera,"I took the picture and saw it later when I saw a spec of light in the left corner. I was shooting a picture of an eagle, it is in the",9/9/22,Yes
356,7/9/22 14:04,North Falmouth,MA,USA,Circle,2 minutes,Bright white or silvery round shape traveling erratically then flying straight down before vanishing,9/9/22,
357,7/9/22 13:19,Lansdale,PA,USA,Changing,1 minute,Filmed small black object flying right to left and accidentally captured something fly the other direction at end of video,9/9/22,Yes
358,7/9/22 13:00,"Downers Way, North Falmouth",MA,USA,Unknown,45 seconds,Period of odd darkness and silence around middle of day,10/8/22,
359,7/9/22 09:20,Chelston Heath,Devon,United Kingdom,Triangle,30 seconds,Triangle shape in the sky. The sun hit its surface which caused a flash as looked metallic.,9/9/22,
360,7/9/22 04:30,Grenada,MS,USA,Circle,20 minutes,Saw a small round circular object move straight up then go across the sky at very fast pace but unlike a plane or shooting star,9/9/22,
361,7/9/22 00:43,Pittsburgh,PA,USA,Other,15 mins,Are you afo showed up behind me about 40 yards away very big it used its beam and lights came out,12/22/22,Yes
362,7/9/22 00:42,Valley Stream,NY,USA,Light,About one second.,A fast-moving object with no audible sound appearing as a bright white light with a slight trail at or around FL150 traveling North.,9/9/22,
363,7/8/22 22:30,Clarington,ON,Canada,Unknown,Hours long,Not starlink,9/9/22,
364,7/8/22 21:29,N Ft Myers,FL,USA,Circle,,Always looking up at the stars and saw a moving object that was zipping around and then was dashing in and or around the moon,9/9/22,Yes
365,7/8/22 20:45,Lopez island,WA,USA,Sphere,3 seconds,Solid orange sphere flying above water,9/9/22,
366,7/8/22 20:00,Welcome,MN,USA,Sphere,2 miles.. 7 or 8minutes,I seen the same orb of light as the other 4 people seen lately,9/9/22,
367,7/8/22 19:00,Loveland,CO,USA,Circle,10 minutes,3 round objects forming a perfect triangle,9/9/22,
368,7/8/22 18:10,Cecil plains,Queensland,Australia,Circle,30 seconds,The object was moving at incredible speeds,9/9/22,
369,7/8/22 15:45,,,,Circle,Unknown,Several objects in sky over ocean. Round,9/9/22,Yes
370,7/8/22 12:14,Merida,Yucatán,Mexico,Disk,10 minutes,I was on vacation in Mexico and I took my BeReal picture and I later noticed the UFO in the background.,12/22/22,Yes
371,7/8/22 11:30,Torrance,CA,USA,Cone,2 minutes,2 white smooth orbs going in circles. then they both flew east one after the other. I then saw 5 jets scrambled in different directions,9/9/22,
372,7/8/22 00:15,Staten Island New York,NY,USA,,1min 40 sec,I’m a Ufologists I host UNIDENTIFIED-S4 YouTube channel I was out filming and it flew over me completely silent slow moving I filmed it,9/9/22,
373,7/7/22 22:45,Pueblo,CO,USA,Cigar,10 minutes,7-8 bright circular lights that lined up traveling north,9/9/22,
374,7/7/22 22:13,Greenfield,WI,USA,Other,+/- 2 mins each time,"Witnessed bright orange glowing light, ""flying"" in the sky, above our neighborhood, while on a walk at @ 10pm on 7/7/22.",9/9/22,
375,7/7/22 22:00,West Warwick,RI,USA,Circle,10 seconds,Big glowing red ball moving erratically,9/9/22,
376,7/7/22 21:42,Indian Harbour Beach,FL,USA,Changing,8-10 seconds,Peculiar transparent craft flying low no sound hovering over apartment near beach,9/9/22,
377,7/7/22 21:42,Holladay,UT,USA,Light,Maybe 3-5 mins,Flashing green and red object above trees to the NE of driveway above neighbors pine tree.,9/9/22,Yes
378,7/7/22 20:40,Englewood,CO,USA,Circle,,Driving and saw a hovering object above that looked abnormal,9/9/22,
379,7/7/22 20:30,Huron,OH,USA,Disk,15 m. multiple witnesses,I saw the object hovering untill I began travelling northbound the object slowly and silently drifted north northeast out of sight.,9/9/22,Yes
380,7/7/22 20:27,Marshall,TX,,Other,1:20 minutes,2 bright rectangular like shapes descended from up high in the sky together close towards the moon and went different directions,9/9/22,Yes
381,7/7/22 20:03,North Conway,NH,USA,,10seconds,Object flying south low altitude,9/9/22,
382,7/7/22 17:45,Greenford,City of London,United Kingdom,Sphere,25 minutes approx,Spherical light changing from bright to dull.,9/9/22,
383,7/7/22 11:00,Las Vegas,NV,USA,Circle,5 minutes,"Two spheres scene out of an airplane window. Very bright light, casting light on to the mountain.",9/9/22,Yes
384,7/7/22 09:45,Phoenix,AZ,USA,,3 seconds,Very large shiny silver object in sky,9/9/22,
385,7/7/22 02:16,Fernandina beach,FL,USA,Cylinder,4 seconds,Fast rolling motion,9/9/22,
386,7/7/22 02:15,Stirling,Stirling,United Kingdom,Sphere,Over an hour,Small bright dot hovering in an unusual way with green aura being emitted and changing in size,9/9/22,Yes
387,7/7/22 01:30,Hood canal a mile from good sport,,,Sphere,An hour,Bright orb moving spastically across the sky with no set direction,9/9/22,Yes
388,7/7/22 00:21,Gatineau,Quebec,Canada,Other,a quarter second,A torpedo-like object moved quickly downscreen on an infrared camera pointed upward,12/22/22,Yes
389,7/7/22 00:18,Gatineau,Quebec,Canada,Other,about one second,"Infrared camera facing upward captured two objects in one second; one moving upscreen, then one moving downscreen",12/22/22,Yes
390,7/6/22 23:29,Gatineau,Quebec,Canada,Other,about a quarter second,An upward facing infrared camera captured an object moving right to left in the direction pointed,12/22/22,Yes
391,7/6/22 22:53,Phoenix,AZ,USA,Light,15 seconds,Saw a small green light with maybe white surrounding lights fly VERY FAST across the night sky.,9/9/22,
392,7/6/22 22:47,Seary,AR,USA,Cigar,About 7 to 10 minutes,Following a small plane in sky when I noticed object .,12/22/22,Yes
393,7/6/22 21:47,Ormond Beach,FL,USA,Sphere,10 Seconds,Amber Orb moves slowly for 10 seconds before dimming/shrinking from visibility,9/9/22,
394,7/6/22 21:37,Newport,NC,USA,Triangle,Couple minutes,Don't know if this was a drone or not.,9/9/22,Yes
395,7/6/22 21:25,Newport,NC,USA,Star,Ten minutes,"Bright star, moving erratically.",9/9/22,Yes
396,7/6/22 21:20,Goodrich,MI,USA,Other,20 seconds,Oblong tic tac UAP/UFO,9/9/22,
397,7/6/22 20:35,Sedona,AZ,USA,Changing,1 hour,"Just a few UFOs flying around. Some flashing, some disappearing.",12/22/22,
398,7/6/22 00:39,Oaklawn,IL,USA,Circle,,Saw craft then ran and got roomate and phone. Recorded the video.,9/9/22,
399,7/6/22 00:30,,,USA,Sphere,About a min each time,I was catfishing and all of a sudden I saw lights moving all around in the sky a ball of light with no tracers behind it,9/9/22,
400,7/5/22 22:35,Essex,CT,USA,Diamond,10 - 15 minutes,"Initially saw round white light rapidly flying over Ct. river a few times,",9/9/22,
401,7/5/22 14:50,Syracuse,NY,USA,Changing,It lasted about 5 minutes,I was at a appointment. I took a walk while I was awaiting another one. I was looking at buildings and something had caught my eye.,9/9/22,
402,7/5/22 12:35,Roseville,,,Cigar,2 minutes,"Dark, cigar shaped object flew in and out of a cloud before changing directions, speeding up and vanishing into blue sky.",9/9/22,
403,7/5/22 11:50,Destin,FL,USA,Oval,5 seconds,Dancing lights that vanished,9/9/22,
404,7/5/22 00:49,Enumclaw Wa,WA,USA,Fireball,3 mins. Massive orange,We thought it was the moon until we noticed it started moving very quickly,9/9/22,Yes
405,7/4/22 23:45,Tavares,FL,USA,Changing,10 minutes,Changing object or vehicle moving slowly from high in the sky from one side to the other(from left to right) and then descends.,9/9/22,
406,7/4/22 23:31,Marengo,IN,USA,Circle,Approx 45 seconds,3 orange circular objects flying in a line- west to east. They stayed in formation until they were out of sight.,9/9/22,
407,7/4/22 23:03,Church Hill,TN,USA,Circle,From 11:03pm to 12:06am,"Looked similar to a comet but faster and different, the something else.",9/9/22,
408,7/4/22 22:34,Lauderhill,FL,USA,,30-45 second,Red and Green alternating colored lights on a craft,9/9/22,
409,7/4/22 22:14,Higginsville,MO,USA,Circle,It came back twice that I,Bright red orbs that disappeared in an instant and came back.,9/9/22,
410,7/4/22 22:11,Ft. Lauderdale,FL,USA,Light,approx. 10 minutes,Faked airliner; stood still for 5 silent minutes; descended to ground and rose 1 minute later,9/9/22,
411,7/4/22 22:00,Ogden,UT,USA,Light,approx. 10-13seconds,"Fast moving object that flew over Hill AFB to Ben Lomond Peak in >10 seconds, and made an abnormal 90-Deg hard turn without slowing",12/22/22,
412,7/4/22 22:00,Olympia,WA,USA,Fireball,230,"Fireball flying slow above fire works, flies off into horizon and disappears! See video",9/9/22,
413,7/4/22 21:33,Chicago,IL,USA,Light,Approx. 2 min.,Pulsing light that appears to change shapes,9/9/22,Yes
414,7/4/22 21:20,Perth amboy,NJ,USA,Oval,20min,Saw a strange light and it was hovering and it was changing color from red to blue I have a video and my son has one to,9/9/22,
415,7/4/22 21:11,BRANDON,FL,USA,Unknown,2 minutes,"Glowing orange object (circular light) moving North to South slowly, consistently, and with no sound.",9/9/22,
416,7/4/22 21:10,Las Vegas,NV,USA,Unknown,10 minutes,"Craft was flying through the night sky during a lot of fireworks, changing directions multiple times, going straight up and back down",9/9/22,
417,7/4/22 21:00,Worcester,MA,USA,Light,1/2 hour about,"Bright light, like a star, but moving/darting in irregular pattern across sky until it just stopped moving.",9/9/22,
418,7/4/22 20:53,Wheaton,IL,USA,Unknown,58 seconds,lit,9/9/22,
419,7/4/22 19:30,Woodstock,NY,USA,Cylinder,90 - 120 min.,"Looked like a bus with very bright lights that stayed in one place in the sky, moved to the right and lower after an hour",10/8/22,
420,7/4/22 19:30,Jamison,,,Disk,Approximately 30 seconds,Black/Navy blue disk(ovoid as visible from the side) demonstrates instantaneous acceleration or some form of a “cloaking”mechanism.,9/9/22,
421,7/4/22 19:10,Cottonwood,AZ,USA,Light,10 to 15 mins,Watched ball of light pluse through the sky,9/9/22,
422,7/4/22 11:00,Pamona,NJ,USA,Unknown,5 seconds,Flew across highway in 5 seconds then went down below trees,9/9/22,
423,7/4/22 06:50,Jacksonville,FL,USA,Delta,60 secs,I noticed a shiny metal silver object sitting static in the sky then dissappear then reappear 5 or 10 miles farther away than the fi,9/9/22,
424,7/4/22 04:30,Bass River Township,NJ,USA,Sphere,5 minutes,"Silver sphere, with VERY BRIGHT pair of articulated light sources on the bottom, accelerated laterally and VANISHED, then reappeared",9/9/22,
425,7/4/22 03:00,St. Gabriel,LA,USA,Delta,About 2 minutes,Delta shaped Craft with four lights that hovered in the sky for 30 seconds and immediately flew away.,9/9/22,
426,7/4/22 02:30,Hickory Hills,IL,USA,Circle,About 10 Seconds,"Smoking a cigarette, I looked up to see what I thought was a plane but it disappeared rapidly.",9/9/22,
427,7/3/22 22:40,livingston,MT,USA,Sphere,ten minutes,fashing zippy 90 degree movements.,9/9/22,
428,7/3/22 22:30,Sunriver,,USA,Circle,30 seconds,"Filming guitars on wall in my cabin, became surrounded by 2 or 3 small balls of light. Caught on camera.",9/9/22,
429,7/3/22 22:30,Ambridge,PA,USA,Circle,2 circles each 3 to 5 min,"Large red circle, no sound flew over 2 times then climbed and disappeared",9/9/22,
430,7/3/22 22:30,Trumbull,CT,USA,Sphere,10 mins,Several round orbs of light flying silent 1 after another right above the tree line,9/9/22,Yes
431,7/3/22 22:19,Ellwood city,PA,USA,Light,3-4,Strange object,10/8/22,
432,7/3/22 22:16,Ellwood city,PA,USA,Sphere,4 mins,Strange flight characteristics,10/8/22,
433,7/3/22 22:01,Oklahoma City,OK,USA,Cone,,"It was almost triangle but it was not and it had yellow lights going down four sides, I have a picture",12/22/22,Yes
434,7/3/22 22:00,Kutztown,PA,USA,Fireball,,Was definitely not a satellite and the reports sports are from area's Southwest of my location also seen,9/9/22,Yes
435,7/3/22 22:00,Kutztown,PA,USA,Fireball,3-5 minutes,Appeared in sky moving Southwest it's Orange to reddish fireballs information information moving same spbeing same speed definitely not,9/9/22,Yes
436,7/3/22 21:45,Bishops stortford,,,Formation,10 secs,Amazing formation turning sharply,9/9/22,
437,7/3/22 21:43,Bishops stortford,Hertfordshire,United Kingdom,Cylinder,5 seconds,Driving home saw  4 fast moving bright lights,9/9/22,Yes
438,7/3/22 21:30,Bloomsburg,PA,USA,Triangle,3 minutes,"Very bright lights on triangle craft, completely silent, steady speed coming in our direction, got close to use then disappeared",9/9/22,
439,7/3/22 21:22,Vine Grove,KY,USA,Cylinder,Around 3 minutes,"Setting of fireworks with my children. Daughter was first to see it, then myself and my son. I also collected 2 short video clips.",9/9/22,Yes
440,7/3/22 21:03,Carmichael,CA,USA,Sphere,5 Min.,Strange object entered into another,9/9/22,
441,7/3/22 20:57,Tipp City,OH,USA,Egg,30 seconds,I saw a egg shaped flying object transmitting 2 white lights,9/9/22,Yes
442,7/3/22 20:41,Saranac Lake,NY,USA,Cylinder,45-60 seconds,"Object traveling from south to north spotted with no aviation lights, engine noise or wings.",9/9/22,
443,7/3/22 20:35,Grand Rapids,MI,USA,Cylinder,2 minutes - approximately,Playing catch with my daughter - saw a soundless white tic tac,9/9/22,
444,7/3/22 18:00,Big lake az,AZ,USA,,10 sec,Green orb under water,9/9/22,Yes
445,7/3/22 18:00,Big lake,AZ,USA,Other,5,Green portal down from the clouds with a orange round Pac-Man shaped mass with octagon shapes inside,9/9/22,Yes
446,7/3/22 17:15,Norwood,MA,USA,Triangle,5-6 minutes,"Triangular craft, later 2 orbs",9/9/22,
447,7/3/22 16:00,Philadelphia,PA,USA,Star,5seconds,It moved very very fast,9/9/22,
448,7/3/22 13:45,Rock Island,IL,USA,Chevron,6 minutes,"Sun glinted and flashed off small object, disappeared then reappeared same spot 5 min later, impression was that it was chevron shaped",9/9/22,
449,7/3/22 10:20,Denver,,USA,Changing,10-15 mins,Objects floated slowly from N/NE to W/SW gaining altitude as they went,9/9/22,
450,7/3/22 10:00,Kutztown,PA,USA,Fireball,2 to 5 minutes,I was sitting on my front porch faceing south and I saw the first UFO and it moved quickly East West. The rest is in the details,9/9/22,Yes
451,7/3/22 03:15,Port Richey,FL,USA,Triangle,Roughly a minute or so,"Stationary, Moving in weird pattern, Sparkling Intermittently, Suddenly vanished.",9/9/22,
452,7/2/22 23:50,Boundary Waters. Canadian border,MN,USA,Triangle,Over 20min.vid of 1:30,Stargazing south of Canadian border of MN. Saw 2 objects on July 2 and up to 30 more on July 3.4 miles from Sawbill lake entry point.,9/9/22,Yes
453,7/2/22 23:10,Hendersonville,NC,USA,Unknown,2 minutes,Craft with static lights moving slow and low across area,9/9/22,
454,7/2/22 23:00,Shelby,MI,USA,Triangle,3 to 4 hrs,A blur flew by house and tried to hide with stars but it couldn't maintain as a star ..it changed from 1 light to numerous lights,9/9/22,Yes
455,7/2/22 22:30,ANTIOCH,CA,USA,Oval,15-20 seconds,"See in the sky a lime green oval object, up in the sky, moving very quickly without any other lights. 3x size of plane",9/9/22,
456,7/2/22 22:29,Sandy,OR,USA,Light,1 min. 22 sec.,Seen 3 stationary large bright strobing lights in the sky behind clouds,9/9/22,
457,7/2/22 21:40,Uncasville,CT,USA,Sphere,8-12 minutes,There was a bright red ball that had started racing really fast towards our general direction,9/9/22,
458,7/2/22 21:36,West Deptford,NJ,USA,Circle,Almost an hour. Ongoing.,Various large lights observed over an hour.,9/9/22,Yes
459,7/2/22 21:30,Wiodbourne,,,,unknown,A very large dome low to the ground,9/9/22,
460,7/2/22 17:07,Ramona,CA,USA,Circle,Star near Cresent moon,A bright star looking craft hanging around the Cresent t moon.,9/9/22,
461,7/2/22 17:05,North Kingstown,RI,USA,Diamond,No duration.,"Object was just hovering in mid air, unlike any vehicle or object on earth. Was not affected by wind.",9/9/22,Yes
462,7/2/22 13:50,Honolulu,HI,USA,Disk,1-2 minutes,Was a disk shape with a blue ring on the center with a metal gray looking color around the rest,9/9/22,Yes
463,7/2/22 10:00,Frisco,TX,USA,Changing,15 minutes,"High in the sky, moving “slowly” from west to east, bright spot of light, periodically changing the brightness",9/9/22,Yes
464,7/2/22 09:00,Sutherlin,OR,USA,,about 1 min,An alien in a weird space suit,9/9/22,
465,7/2/22 04:15,Midvale,UT,USA,Disk,10 minutes,Large disc slowly passing over courtyard and parking area of my apartment home at Wasatch Club apartments,9/9/22,
466,7/2/22 04:13,trowbridge,Wiltshire,United Kingdom,Changing,20 30 mins starting at,It was so massive I could not belive what I was seeing this was no way a man made object doing what it was doing,9/9/22,
467,7/2/22 01:00,"Glen, NH-16",NH,USA,Circle,a few seconds,Circular in size 2 sets of lights around it-possibly strobing. Hovering above ground 40-50 feet,9/9/22,
468,7/2/22 00:21,Death Valley,CA,USA,Circle,8 seconds,"While watching stars through Skyview app, we found weird thing shapes like ring it was colorful. Just crossed in sky and movedvery fast",9/9/22,Yes
469,7/1/22 23:00,Peterchurch,,,Star,20 seconds approx,Couple of odd white starlike objects,9/9/22,
470,7/1/22 22:42,Gatineau,Quebec,Canada,Other,about half a second,An upward facing infrared camera captured this object moving from screen left to right in the direction pointed,12/22/22,Yes
471,7/1/22 22:30,Hutto,TX,USA,Light,3 seconds,"Five or six ""stars"" dancing/chasing each other in a circle.",9/9/22,
472,7/1/22 22:19,Houston,TX,USA,,Minutes.,Not clear to the naked eye.,9/9/22,Yes
473,7/1/22 22:15,Greensburg,PA,USA,Light,Quick(30sec) est.,"Originally observed w/eyes, then recording w/SIONYX digital IR. Several lights in same area of sky,but all had different trajectories",9/9/22,
474,7/1/22 21:50,Lancaster,OH,USA,Light,1-2 Minutes,Slowly pulsing green light with white light underneath.,9/9/22,
475,7/1/22 21:30,Pewaukee,WI,USA,Light,Approx. 30-40 minutes,"I 1st saw a white object almost directly above me pass a star, it's luminosity increased to very bright and intense then flamed out",9/9/22,
476,7/1/22 20:00,Great Bend,PA,USA,Fireball,60 seconds,Fire in the sky traveling faster than the surrounding aircraft.,9/9/22,
477,7/1/22 18:15,Bronx,NY,USA,Changing,About 1 minutes,Seen travelling very fast north east over Van Cortlandt park,9/9/22,Yes
478,7/1/22 05:00,Charlotte,NC,USA,Circle,July 1st - Present day,I Just need to speak to someone,9/9/22,Yes
479,7/1/22 03:59,San Antonio,TX,USA,Unknown,2 hours,Very bright/color-pulsating object has appeared above my home at least 50 times this year. It is rarely in the same spot each time.,9/9/22,Yes
480,7/1/22 03:17,Reading,PA,USA,Other,30 mins on July 1st,"I watched a brilliant very beautiful object fairly low , at first stationary, for approx.10 mins",9/9/22,
481,7/1/22 00:29,LAKE ARIEL,PA,USA,Light,about 30 secs,I watched from a North position as craft went by at high altitude about 50 degrees from horizon Craft flew from East to West,9/9/22,
